-- Inserts for plants

INSERT INTO plants (id, name, technical_name, diameter_min_ft, diameter_max_ft, height_min_ft, height_max_ft)
VALUES (1, '', '', 0, 0, 0, 0);

INSERT INTO plants (id, name, technical_name, diameter_min_ft, diameter_max_ft, height_min_ft, height_max_ft)
VALUES (2, 'Prairie Acacia', 'Acacia angustissima', 1.5, 2, 1, 4);

INSERT INTO plants (id, name, technical_name, diameter_min_ft, diameter_max_ft, height_min_ft, height_max_ft)
VALUES (3, 'Splitbeard Bluestem', 'Andropogon ternarius', 0.5, 1, 2, 4);

INSERT INTO plants (id, name, technical_name, diameter_min_ft, diameter_max_ft, height_min_ft, height_max_ft)
VALUES (4, 'False Boneset, Brickellbush', 'Brickellia eupatorioides', 1, 2, 3, 4);

INSERT INTO plants (id, name, technical_name, diameter_min_ft, diameter_max_ft, height_min_ft, height_max_ft)
VALUES (5, 'Cedar Sedge', 'Carex planostachys', 0, 0, 0.5, 0);

INSERT INTO plants (id, name, technical_name, diameter_min_ft, diameter_max_ft, height_min_ft, height_max_ft)
VALUES (6, 'Hairy Sunflower, Rough Sunflower', 'Helianthus hirsutus', 2, 3, 3, 6);

INSERT INTO plants (id, name, technical_name, diameter_min_ft, diameter_max_ft, height_min_ft, height_max_ft)
VALUES (7, 'Elephant Ear', 'Colocasia esculenta', 2, 6, 3, 6);

INSERT INTO plants (id, name, technical_name, diameter_min_ft, diameter_max_ft, height_min_ft, height_max_ft)
VALUES (8, 'Foxtail Fern, Asparagus Fern', '', 2, 3, 2, 3);

INSERT INTO plants (id, name, technical_name, diameter_min_ft, diameter_max_ft, height_min_ft, height_max_ft)
VALUES (9, 'pink muhly grass', '', 2, 3, 2, 3);

INSERT INTO plants (id, name, technical_name, diameter_min_ft, diameter_max_ft, height_min_ft, height_max_ft)
VALUES (10, 'boxwood', 'buxus spp.', 2, 4, 2, 15);

INSERT INTO plants (id, name, technical_name, diameter_min_ft, diameter_max_ft, height_min_ft, height_max_ft)
VALUES (11, 'hybrid tea roses', 'rosa spp.', 0, 0, 0, 0);

INSERT INTO plants (id, name, technical_name, diameter_min_ft, diameter_max_ft, height_min_ft, height_max_ft)
VALUES (12, 'lavender', 'lavendula spp.', 0, 0, 0, 0);

INSERT INTO plants (id, name, technical_name, diameter_min_ft, diameter_max_ft, height_min_ft, height_max_ft)
VALUES (13, 'Yew', 'taxus baccata', 0, 0, 0, 0);

INSERT INTO plants (id, name, technical_name, diameter_min_ft, diameter_max_ft, height_min_ft, height_max_ft)
VALUES (14, 'hydrangeas, big daddy', 'hydrangea macrophylla', 5, 6, 5, 6);

INSERT INTO plants (id, name, technical_name, diameter_min_ft, diameter_max_ft, height_min_ft, height_max_ft)
VALUES (15, 'lambs ear', '', 1, 3, 1, 1.5);

INSERT INTO plants (id, name, technical_name, diameter_min_ft, diameter_max_ft, height_min_ft, height_max_ft)
VALUES (16, 'cat''s pajamas catmint', '', 1, 2, 0.75, 2);

INSERT INTO plants (id, name, technical_name, diameter_min_ft, diameter_max_ft, height_min_ft, height_max_ft)
VALUES (17, 'coneflowers', '', 2, 3, 2, 3);

INSERT INTO plants (id, name, technical_name, diameter_min_ft, diameter_max_ft, height_min_ft, height_max_ft)
VALUES (18, 'Hakone grass, "Aurelia"', 'Hakonechloa macra', 1, 2, 1, 2);

INSERT INTO plants (id, name, technical_name, diameter_min_ft, diameter_max_ft, height_min_ft, height_max_ft)
VALUES (19, 'Siberian Bugloss, "Jack Frost"', 'Brunnera macrophylla', 1, 2, 1, 2);

INSERT INTO plants (id, name, technical_name, diameter_min_ft, diameter_max_ft, height_min_ft, height_max_ft)
VALUES (20, 'Hellebore', 'Helleborus x nigercors', 1, 2, 1, 2);

INSERT INTO plants (id, name, technical_name, diameter_min_ft, diameter_max_ft, height_min_ft, height_max_ft)
VALUES (21, 'Chinese Silver Grass', 'Miscanthus sinensis', 3, 5, 3, 8);

INSERT INTO plants (id, name, technical_name, diameter_min_ft, diameter_max_ft, height_min_ft, height_max_ft)
VALUES (22, 'century plant', 'agave americana', 6, 10, 3, 6);

INSERT INTO plants (id, name, technical_name, diameter_min_ft, diameter_max_ft, height_min_ft, height_max_ft)
VALUES (23, 'inland sea oats', '', 0, 0, 0, 0);

INSERT INTO plants (id, name, technical_name, diameter_min_ft, diameter_max_ft, height_min_ft, height_max_ft)
VALUES (24, 'lavender cotton', '', 0, 0, 0, 0);

INSERT INTO plants (id, name, technical_name, diameter_min_ft, diameter_max_ft, height_min_ft, height_max_ft)
VALUES (25, 'japanese painted fern', 'Athyrium niponicum var. pictum', 1, 1.5, 1, 1.5);

INSERT INTO plants (id, name, technical_name, diameter_min_ft, diameter_max_ft, height_min_ft, height_max_ft)
VALUES (26, 'hosta ''formal attire''', '', 2, 2.5, 1.5, 2.5);

INSERT INTO plants (id, name, technical_name, diameter_min_ft, diameter_max_ft, height_min_ft, height_max_ft)
VALUES (27, 'astilbe', '', 1.5, 6, 1.5, 6);

INSERT INTO plants (id, name, technical_name, diameter_min_ft, diameter_max_ft, height_min_ft, height_max_ft)
VALUES (28, 'heuchera (coral bells), ''bella notte''', 'bella notte''', 1, 1.25, 0.75, 1);

INSERT INTO plants (id, name, technical_name, diameter_min_ft, diameter_max_ft, height_min_ft, height_max_ft)
VALUES (29, 'Foamflower', 'Tiarella cordifolia', 1, 2, 0.5, 1);


-- Inserts for plant_lights

INSERT INTO plant_lights (plant_id, light) VALUES (2, 'Sun');

INSERT INTO plant_lights (plant_id, light) VALUES (2, 'part-sun');

INSERT INTO plant_lights (plant_id, light) VALUES (3, 'Sun');

INSERT INTO plant_lights (plant_id, light) VALUES (3, 'part-sun');

INSERT INTO plant_lights (plant_id, light) VALUES (4, 'Sun');

INSERT INTO plant_lights (plant_id, light) VALUES (4, 'part-sun');

INSERT INTO plant_lights (plant_id, light) VALUES (6, 'Sun');

INSERT INTO plant_lights (plant_id, light) VALUES (6, 'part-sun');

INSERT INTO plant_lights (plant_id, light) VALUES (6, 'Shade');

INSERT INTO plant_lights (plant_id, light) VALUES (7, 'Sun');

INSERT INTO plant_lights (plant_id, light) VALUES (7, 'part-sun');

INSERT INTO plant_lights (plant_id, light) VALUES (7, 'Shade');

INSERT INTO plant_lights (plant_id, light) VALUES (8, 'Part-Sun');

INSERT INTO plant_lights (plant_id, light) VALUES (9, 'Sun');

INSERT INTO plant_lights (plant_id, light) VALUES (9, 'part-sun');

INSERT INTO plant_lights (plant_id, light) VALUES (10, 'Sun');

INSERT INTO plant_lights (plant_id, light) VALUES (10, 'Part-sun');

INSERT INTO plant_lights (plant_id, light) VALUES (14, 'sun');

INSERT INTO plant_lights (plant_id, light) VALUES (14, 'part-sun');

INSERT INTO plant_lights (plant_id, light) VALUES (14, 'shade');

INSERT INTO plant_lights (plant_id, light) VALUES (15, 'sun');

INSERT INTO plant_lights (plant_id, light) VALUES (15, 'part-sun');

INSERT INTO plant_lights (plant_id, light) VALUES (16, 'sun');

INSERT INTO plant_lights (plant_id, light) VALUES (16, 'part-sun');

INSERT INTO plant_lights (plant_id, light) VALUES (17, 'sun');

INSERT INTO plant_lights (plant_id, light) VALUES (18, 'sun');

INSERT INTO plant_lights (plant_id, light) VALUES (18, 'part-sun');

INSERT INTO plant_lights (plant_id, light) VALUES (18, 'shade');

INSERT INTO plant_lights (plant_id, light) VALUES (19, 'part-sun');

INSERT INTO plant_lights (plant_id, light) VALUES (19, 'shade');

INSERT INTO plant_lights (plant_id, light) VALUES (20, 'part-sun');

INSERT INTO plant_lights (plant_id, light) VALUES (21, 'sun');

INSERT INTO plant_lights (plant_id, light) VALUES (21, 'part-sun');

INSERT INTO plant_lights (plant_id, light) VALUES (22, 'sun');

INSERT INTO plant_lights (plant_id, light) VALUES (23, 'part-sun');

INSERT INTO plant_lights (plant_id, light) VALUES (23, 'shade');

INSERT INTO plant_lights (plant_id, light) VALUES (24, 'sun');

INSERT INTO plant_lights (plant_id, light) VALUES (24, 'part-sun');

INSERT INTO plant_lights (plant_id, light) VALUES (25, 'part-sun');

INSERT INTO plant_lights (plant_id, light) VALUES (25, 'shade');

INSERT INTO plant_lights (plant_id, light) VALUES (26, 'part-sun');

INSERT INTO plant_lights (plant_id, light) VALUES (26, 'shade');

INSERT INTO plant_lights (plant_id, light) VALUES (27, 'sun');

INSERT INTO plant_lights (plant_id, light) VALUES (27, 'part-sun');

INSERT INTO plant_lights (plant_id, light) VALUES (27, 'shade');

INSERT INTO plant_lights (plant_id, light) VALUES (28, 'part-sun');

INSERT INTO plant_lights (plant_id, light) VALUES (28, 'shade');

INSERT INTO plant_lights (plant_id, light) VALUES (29, 'part-sun');

INSERT INTO plant_lights (plant_id, light) VALUES (29, 'shade');


-- Inserts for plant_styles

INSERT INTO plant_styles (plant_id, style) VALUES (1, 'If Naturalistic && sun / part-sun --> Prairie
If Naturalistic && shade / part-sun --> Woodland');

INSERT INTO plant_styles (plant_id, style) VALUES (2, 'Cottage');

INSERT INTO plant_styles (plant_id, style) VALUES (2, 'Naturalistic');

INSERT INTO plant_styles (plant_id, style) VALUES (2, 'Modern');

INSERT INTO plant_styles (plant_id, style) VALUES (3, 'Cottage');

INSERT INTO plant_styles (plant_id, style) VALUES (3, 'Naturalistic');

INSERT INTO plant_styles (plant_id, style) VALUES (3, 'Classical');

INSERT INTO plant_styles (plant_id, style) VALUES (3, 'Modern');

INSERT INTO plant_styles (plant_id, style) VALUES (4, 'Cottage');

INSERT INTO plant_styles (plant_id, style) VALUES (4, 'Naturalistic');

INSERT INTO plant_styles (plant_id, style) VALUES (5, 'Modern');

INSERT INTO plant_styles (plant_id, style) VALUES (5, 'Naturalistic');

INSERT INTO plant_styles (plant_id, style) VALUES (5, 'Classical');

INSERT INTO plant_styles (plant_id, style) VALUES (6, 'Cottage');

INSERT INTO plant_styles (plant_id, style) VALUES (6, 'Naturalistic');

INSERT INTO plant_styles (plant_id, style) VALUES (7, 'Modern');

INSERT INTO plant_styles (plant_id, style) VALUES (7, 'Naturalistic');

INSERT INTO plant_styles (plant_id, style) VALUES (7, 'Cottage');

INSERT INTO plant_styles (plant_id, style) VALUES (8, 'Modern');

INSERT INTO plant_styles (plant_id, style) VALUES (8, 'Naturalistic');

INSERT INTO plant_styles (plant_id, style) VALUES (8, 'Classical');

INSERT INTO plant_styles (plant_id, style) VALUES (9, 'Modern');

INSERT INTO plant_styles (plant_id, style) VALUES (9, 'Cottage');

INSERT INTO plant_styles (plant_id, style) VALUES (9, 'Naturalistic');

INSERT INTO plant_styles (plant_id, style) VALUES (9, 'Classical');

INSERT INTO plant_styles (plant_id, style) VALUES (10, 'Classical');

INSERT INTO plant_styles (plant_id, style) VALUES (10, 'Modern');

INSERT INTO plant_styles (plant_id, style) VALUES (11, 'Classical');

INSERT INTO plant_styles (plant_id, style) VALUES (12, 'Classical');

INSERT INTO plant_styles (plant_id, style) VALUES (12, 'Naturalistic');

INSERT INTO plant_styles (plant_id, style) VALUES (12, 'Cottage');

INSERT INTO plant_styles (plant_id, style) VALUES (12, 'Modern');

INSERT INTO plant_styles (plant_id, style) VALUES (13, 'Classical');

INSERT INTO plant_styles (plant_id, style) VALUES (13, 'modern');

INSERT INTO plant_styles (plant_id, style) VALUES (13, 'cottage');

INSERT INTO plant_styles (plant_id, style) VALUES (14, 'Classical');

INSERT INTO plant_styles (plant_id, style) VALUES (14, 'cottage');

INSERT INTO plant_styles (plant_id, style) VALUES (14, 'naturalistic');

INSERT INTO plant_styles (plant_id, style) VALUES (15, 'Classical');

INSERT INTO plant_styles (plant_id, style) VALUES (15, 'Naturalistic');

INSERT INTO plant_styles (plant_id, style) VALUES (15, 'Cottage');

INSERT INTO plant_styles (plant_id, style) VALUES (15, 'Modern');

INSERT INTO plant_styles (plant_id, style) VALUES (16, 'Classical');

INSERT INTO plant_styles (plant_id, style) VALUES (16, 'Naturalistic');

INSERT INTO plant_styles (plant_id, style) VALUES (16, 'Modern');

INSERT INTO plant_styles (plant_id, style) VALUES (16, 'Cottage');

INSERT INTO plant_styles (plant_id, style) VALUES (17, 'Naturalistic');

INSERT INTO plant_styles (plant_id, style) VALUES (17, 'Cottage');

INSERT INTO plant_styles (plant_id, style) VALUES (17, 'Modern');

INSERT INTO plant_styles (plant_id, style) VALUES (18, 'Naturalistic');

INSERT INTO plant_styles (plant_id, style) VALUES (18, 'Cottage');

INSERT INTO plant_styles (plant_id, style) VALUES (18, 'Modern');

INSERT INTO plant_styles (plant_id, style) VALUES (18, 'Classical');

INSERT INTO plant_styles (plant_id, style) VALUES (19, 'Naturalistc');

INSERT INTO plant_styles (plant_id, style) VALUES (19, 'Cottage');

INSERT INTO plant_styles (plant_id, style) VALUES (19, 'Classical');

INSERT INTO plant_styles (plant_id, style) VALUES (20, 'Naturalistic');

INSERT INTO plant_styles (plant_id, style) VALUES (20, 'Cottage');

INSERT INTO plant_styles (plant_id, style) VALUES (20, 'Classical');

INSERT INTO plant_styles (plant_id, style) VALUES (21, 'Naturalistic');

INSERT INTO plant_styles (plant_id, style) VALUES (21, 'Cottage');

INSERT INTO plant_styles (plant_id, style) VALUES (21, 'Modern');

INSERT INTO plant_styles (plant_id, style) VALUES (21, 'Classical');

INSERT INTO plant_styles (plant_id, style) VALUES (22, 'Naturalistic');

INSERT INTO plant_styles (plant_id, style) VALUES (22, 'Modern');

INSERT INTO plant_styles (plant_id, style) VALUES (23, 'Naturalistic');

INSERT INTO plant_styles (plant_id, style) VALUES (23, 'Cottage');

INSERT INTO plant_styles (plant_id, style) VALUES (23, 'Modern');

INSERT INTO plant_styles (plant_id, style) VALUES (23, 'Classical');

INSERT INTO plant_styles (plant_id, style) VALUES (24, 'Naturalistic');

INSERT INTO plant_styles (plant_id, style) VALUES (24, 'Modern');

INSERT INTO plant_styles (plant_id, style) VALUES (24, 'Classical');

INSERT INTO plant_styles (plant_id, style) VALUES (25, 'Naturalistic');

INSERT INTO plant_styles (plant_id, style) VALUES (25, 'Cottage');

INSERT INTO plant_styles (plant_id, style) VALUES (25, 'Modern');

INSERT INTO plant_styles (plant_id, style) VALUES (25, 'Classical');

INSERT INTO plant_styles (plant_id, style) VALUES (26, 'Naturalistic');

INSERT INTO plant_styles (plant_id, style) VALUES (26, 'Cottage');

INSERT INTO plant_styles (plant_id, style) VALUES (26, 'Classical');

INSERT INTO plant_styles (plant_id, style) VALUES (27, 'Naturalistic');

INSERT INTO plant_styles (plant_id, style) VALUES (27, 'Cottage');

INSERT INTO plant_styles (plant_id, style) VALUES (27, 'Modern');

INSERT INTO plant_styles (plant_id, style) VALUES (27, 'Classical');

INSERT INTO plant_styles (plant_id, style) VALUES (28, 'Naturalistic');

INSERT INTO plant_styles (plant_id, style) VALUES (28, 'Cottage');

INSERT INTO plant_styles (plant_id, style) VALUES (28, 'Classical');

INSERT INTO plant_styles (plant_id, style) VALUES (29, 'Naturalistic');

INSERT INTO plant_styles (plant_id, style) VALUES (29, 'Cottage');

INSERT INTO plant_styles (plant_id, style) VALUES (29, 'Classical');